location_id,addressLine1,city,state,zipCode,formattedAddress,county,longitude,latitude,addressLine2
0,511 John St,Bryan,OH,43506,"511 John St, Bryan, OH 43506",Williams,-84.570163,41.469595,Unknown
1,1067 Marlin Dr,Rockledge,FL,32955,"1067 Marlin Dr, Rockledge, FL 32955",Brevard,-80.746982,28.34244,Unknown
2,1136 Sullivan Rd,Ogden,UT,84403,"1136 Sullivan Rd, Apt 15, Ogden, UT 84403",Weber,-111.95033,41.20486,Apt 15
3,101 Trinity Lakes Dr,Sun City Center,FL,33573,"101 Trinity Lakes Dr, Apt 361, Sun City Center, FL 33573",Hillsborough,-82.355936,27.710284,Apt 361
4,7843 S Euclid Ave,Chicago,IL,60649,"7843 S Euclid Ave, Apt 1, Chicago, IL 60649",Cook,-87.576879,41.752132,Apt 1
5,2126 Flora Vis,San Antonio,TX,78224,"2126 Flora Vis, San Antonio, TX 78224",Bexar,-98.542543,29.336903,Unknown
6,4025 Chinaberry Dr,Garland,TX,75043,"4025 Chinaberry Dr, Garland, TX 75043",Dallas,-96.57005,32.840748,Unknown
7,2015 N Ruby St,Edinburg,TX,78541,"2015 N Ruby St, Edinburg, TX 78541",Hidalgo,-98.193662,26.326769,Unknown
8,1350 Carol Pl,Montgomery,IL,60538,"1350 Carol Pl, Montgomery, IL 60538",Kane,-88.297733,41.730462,Unknown
9,216 Harlem Ln,Catonsville,MD,21228,"216 Harlem Ln, Catonsville, MD 21228",Baltimore,-76.724256,39.282074,Unknown
10,2630 E 5th Ave,Columbus,OH,43219,"2630 E 5th Ave, Columbus, OH 43219",Franklin,-82.933711,39.985495,Unknown
11,10414 Newville Ave,Downey,CA,90241,"10414 Newville Ave, Downey, CA 90241",Los Angeles,-118.106444,33.937296,Unknown
12,535 Encinitas Blvd,Encinitas,CA,92024,"535 Encinitas Blvd, Ste 107, Encinitas, CA 92024",San Diego,-117.280456,33.046701,Ste 107
13,31548 Stoney Creek Dr,Lake Elsinore,CA,92532,"31548 Stoney Creek Dr, Lake Elsinore, CA 92532",Riverside,-117.302109,33.668709,Unknown
14,6515 Inway Dr,Spring,TX,77389,"6515 Inway Dr, Spring, TX 77389",Harris,-95.52079,30.1096,Unknown
15,41 Homestead Ln,Avon,CT,6001,"41 Homestead Ln, Avon, CT 06001",Hartford,-72.888215,41.780453,Unknown
16,22625 Ne 2nd St,Sammamish,WA,98074,"22625 Ne 2nd St, Sammamish, WA 98074",King,-122.037257,47.610486,Unknown
17,2134 Annette St,New Orleans,LA,70119,"2134 Annette St, New Orleans, LA 70119",Orleans Parish,-90.063842,29.979132,Unknown
18,12481 Canyonwind Rd,Riverside,CA,92503,"12481 Canyonwind Rd, Riverside, CA 92503",Riverside,-117.444762,33.875595,Unknown
19,19534 Stillhouse Dr,Tomball,TX,77375,"19534 Stillhouse Dr, Tomball, TX 77375",Harris,-95.607238,30.051174,Unknown
20,7962 Hanging Br,San Antonio,TX,78253,"7962 Hanging Br, San Antonio, TX 78253",Bexar,-98.802095,29.515228,Unknown
21,114 Severin Ave,Modesto,CA,95354,"114 Severin Ave, Modesto, CA 95354",Stanislaus,-120.969394,37.63886,Unknown
22,1640 San Damian Rd,Tallahassee,FL,32303,"1640 San Damian Rd, Tallahassee, FL 32303",Leon County,-84.323176,30.482989,Unknown
23,2975 Fairfield Dr N,Allentown,PA,18103,"2975 Fairfield Dr N, Allentown, PA 18103",Lehigh,-75.50646,40.568745,Unknown
24,1605 Buena Vista St,Mesquite,TX,75149,"1605 Buena Vista St, Mesquite, TX 75149",Dallas,-96.608678,32.782493,Unknown
25,7118 Hobson St,San Antonio,TX,78223,"7118 Hobson St, San Antonio, TX 78223",Bexar,-98.421457,29.355234,Unknown
26,3901 15th Ave S,Seattle,WA,98108,"3901 15th Ave S, Apt 6, Seattle, WA 98108",King,-122.313841,47.568702,Apt 6
27,1988 Superior St,Webster City,IA,50595,"1988 Superior St, Webster City, IA 50595",Hamilton,-93.815551,42.456793,Unknown
28,208 E 750 N,Bountiful,UT,84010,"208 E 750 N, Bountiful, UT 84010",Davis,-111.876029,40.896841,Unknown
29,708 Carlotta Ct,Fruita,CO,81521,"708 Carlotta Ct, Fruita, CO 81521",Mesa County,-108.713025,39.170909,Unknown
30,5720 Crown Hill Dr,Mint Hill,NC,28227,"5720 Crown Hill Dr, Mint Hill, NC 28227",Mecklenburg County,-80.651877,35.206049,Unknown
31,863 Smithfield Dr,Northfield,OH,44067,"863 Smithfield Dr, Apt 1506, Northfield, OH 44067",Summit,-81.569915,41.313565,Apt 1506
32,101 Tucker St,Lexington,VA,24450,"101 Tucker St, Lexington, VA 24450",Lexington City,-79.438794,37.784383,Unknown
33,2514 Ehrich St,Colorado Springs,CO,80904,"2514 Ehrich St, Colorado Springs, CO 80904",El Paso,-104.86888,38.840312,Unknown
34,3611 Jupiter Ave,Palmdale,CA,93550,"3611 Jupiter Ave, Palmdale, CA 93550",Los Angeles,-118.064412,34.568468,Unknown
35,23343 124th Ave,Rogers,MN,55374,"23343 124th Ave, Rogers, MN 55374",Hennepin,-93.57586354,45.18011776,Unknown
36,21999 W Sonora St,Buckeye,AZ,85326,"21999 W Sonora St, Buckeye, AZ 85326",Maricopa,-112.523712,33.432401,Unknown
37,1982 E Roanoke Dr,Boise,ID,83712,"1982 E Roanoke Dr, Boise, ID 83712",Ada,-116.167412,43.610099,Unknown
38,3231 151st St SW,Lynnwood,WA,98087,"3231 151st St SW, Lynnwood, WA 98087",Snohomish,-122.277747,47.861629,Unknown
39,17041 Carolyn Ln,North Fort Myers,FL,33917,"17041 Carolyn Ln, North Fort Myers, FL 33917",Lee,-81.782195,26.711942,Unknown
40,2641 Whispering Trl,Little Elm,TX,75068,"2641 Whispering Trl, Little Elm, TX 75068",Denton,-96.89225,33.174946,Unknown
41,406 Beech St,Bakersfield,CA,93304,"406 Beech St, Bakersfield, CA 93304",Kern,-119.034687,35.361799,Unknown
42,2918 Sand Pine Rd,Miramar Beach,FL,32550,"2918 Sand Pine Rd, Miramar Beach, FL 32550",Walton,-86.317077,30.407222,Unknown
43,129 Reena Dr,Daytona Beach,FL,32117,"129 Reena Dr, Daytona Beach, FL 32117",Volusia,-81.088236,29.234706,Unknown
44,1125 Sail Creek Dr,Orlando,FL,32824,"1125 Sail Creek Dr, Orlando, FL 32824",Orange,-81.36953,28.358021,Unknown
45,1451 Washington Ave,Bronx,NY,10456,"1451 Washington Ave, Apt 16H, Bronx, NY 10456",Bronx,-73.904014,40.83644,Apt 16H
46,1211 5th St SE,Cedar Rapids,IA,52401,"1211 5th St SE, Cedar Rapids, IA 52401",Linn,-91.655308,41.971352,Unknown
47,15103 Nelson Ave,La Puente,CA,91744,"15103 Nelson Ave, La Puente, CA 91744",Los Angeles,-117.963951,34.031284,Unknown
48,4712 W Powell Blvd,Gresham,OR,97030,"4712 W Powell Blvd, Unit 235, Gresham, OR 97030",Multnomah,-122.479494,45.491211,Unit 235
49,33 Spring St,South Hadley,MA,1075,"33 Spring St, Apt B, South Hadley, MA 01075",Hampshire,-72.588142,42.213978,Apt B
50,905 Terrace Ave,Baton Rouge,LA,70802,"905 Terrace Ave, Baton Rouge, LA 70802",East Baton Rouge,-91.181592,30.431855,Unknown
51,2881 State Hwy,Tyler,TX,75704,"2881 State Hwy, 110 N Lot 17, Tyler, TX 75704",Smith,-95.356117,32.371508,110 N Lot 17
52,Diagonal Rd,Milford,UT,84751,"Diagonal Rd, Milford, UT 84751",Beaver County,-112.962057,38.221728,Unknown
53,4625 S Drexel Blvd,Chicago,IL,60653,"4625 S Drexel Blvd, Apt 205, Chicago, IL 60653",Cook,-87.60381,41.810765,Apt 205
54,4122 Heyward St,Cincinnati,OH,45205,"4122 Heyward St, Cincinnati, OH 45205",Hamilton County,-84.58153,39.122569,Unknown
55,2756 Bonita Dr,Valparaiso,IN,46385,"2756 Bonita Dr, Valparaiso, IN 46385",Porter,-87.07989,41.442455,Unknown
56,1891 Suntree Ln,Simi Valley,CA,93063,"1891 Suntree Ln, Simi Valley, CA 93063",Ventura,-118.690541,34.270239,Unknown
57,2648 Arrow Point Blvd,Eagle Pass,TX,78852,"2648 Arrow Point Blvd, Eagle Pass, TX 78852",Maverick,-100.476306,28.731155,Unknown
58,6631 Frank Ave,Jurupa Valley,CA,91752,"6631 Frank Ave, Jurupa Valley, CA 91752",Riverside,-117.539033,33.967103,Unknown
59,4717 Sharon Rd,Charlotte,NC,28210,"4717 Sharon Rd, Ste 200, Charlotte, NC 28210",Mecklenburg,-80.830815,35.147646,Ste 200
60,2516 Deep Eddy Trl,Keller,TX,76248,"2516 Deep Eddy Trl, Keller, TX 76248",Tarrant,-97.19315,32.918794,Unknown
61,4045 2nd St,Farmington,MO,63640,"4045 2nd St, Farmington, MO 63640",Saint Francois,-90.457207,37.764366,Unknown
62,5800 Granite Pkwy,Plano,TX,75024,"5800 Granite Pkwy, Ste 410, Plano, TX 75024",Collin,-96.820208,33.087731,Ste 410
63,6750 Caporetto Ln,North Las Vegas,NV,89084,"6750 Caporetto Ln, Unit 201, North Las Vegas, NV 89084",Clark,-115.204183,36.282357,Unit 201
64,1311 Scenic Ct,Auburn,GA,30011,"1311 Scenic Ct, Auburn, GA 30011",Barrow,-83.826085,33.977765,Unknown
65,220 Sneden Pl,Spring Valley,NY,10977,"220 Sneden Pl, Unit 220, Spring Valley, NY 10977",Rockland County,-74.044821,41.122778,Unit 220
66,1903 Miraplaza Ct,Santa Clara,CA,95051,"1903 Miraplaza Ct, Apt 8, Santa Clara, CA 95051",Santa Clara,-121.998193,37.357266,Apt 8
67,1615 Ne 173rd St,North Miami Beach,FL,33162,"1615 Ne 173rd St, North Miami Beach, FL 33162",Miami-Dade,-80.168051,25.93524,Unknown
68,162 Beacon St,Gallatin,TN,37066,"162 Beacon St, Gallatin, TN 37066",Sumner,-86.478763,36.411336,Unknown
69,962 Bentstation Ln,Lake Mary,FL,32746,"962 Bentstation Ln, # 06-204, Lake Mary, FL 32746",Seminole,-81.357902,28.765026,# 06-204
70,6543 Bob O Link Dr,Dallas,TX,75214,"6543 Bob O Link Dr, Dallas, TX 75214",Dallas,-96.748288,32.831561,Unknown
71,94 Mulberry Rd,Deerfield,IL,60015,"94 Mulberry Rd, Deerfield, IL 60015",Lake,-87.830681,42.153656,Unknown
72,2710 E Timberlane St,Wichita,KS,67216,"2710 E Timberlane St, Wichita, KS 67216",Sedgwick,-97.302358,37.647259,Unknown
73,504 Meeting St,Charleston,SC,29403,"504 Meeting St, Charleston, SC 29403",Charleston,-79.940643,32.796868,Unknown
74,444 W Commerce St,Dallas,TX,75208,"444 W Commerce St, Apt 1202, Dallas, TX 75208",Dallas,-96.83033,32.772388,Apt 1202
75,3123 Biloxi Dr,Glen Carbon,IL,62034,"3123 Biloxi Dr, Glen Carbon, IL 62034",Madison County,-89.973838,38.75532,Unknown
76,2120 Denton Dr,Austin,TX,78758,"2120 Denton Dr, Ste 104, Austin, TX 78758",Travis,-97.715159,30.386854,Ste 104
77,2705 Knob Creek Ln,Knoxville,TN,37912,"2705 Knob Creek Ln, Knoxville, TN 37912",Knox,-84.004143,35.994959,Unknown
78,13716 Sw 11th St,Miami,FL,33184,"13716 Sw 11th St, Miami, FL 33184",Miami-Dade,-80.417362,25.756839,Unknown
79,319 Eland Dr,San Antonio,TX,78213,"319 Eland Dr, San Antonio, TX 78213",Bexar,-98.542682,29.493363,Unknown
80,200 Ridgeway St,Saint Joseph,MI,49085,"200 Ridgeway St, Saint Joseph, MI 49085",Berrien,-86.485612,42.116593,Unknown
81,5521 Grasmere Ave,Maple Heights,OH,44137,"5521 Grasmere Ave, Maple Heights, OH 44137",Cuyahoga,-81.560062,41.41127,Unknown
82,10976 Stafford Cir S,Boynton Beach,FL,33436,"10976 Stafford Cir S, Boynton Beach, FL 33436",Palm Beach,-80.122784,26.514032,Unknown
83,4106 Teriwood Ave,Orlando,FL,32812,"4106 Teriwood Ave, Orlando, FL 32812",Orange,-81.332985,28.489766,Unknown
84,47 Park St,Taunton,MA,2780,"47 Park St, Taunton, MA 02780",Bristol,-71.097674,41.906404,Unknown
85,440 Sarah Ln,Coldwater,MI,49036,"440 Sarah Ln, Coldwater, MI 49036",Branch County,-84.992897,41.836428,Unknown
86,Tbd Sw 133rd Ln,Ocala,FL,34473,"Tbd Sw 133rd Ln, Ocala, FL 34473",Marion County,-82.1915809,29.02851238,Unknown
87,909 Norse St,High Point,NC,27265,"909 Norse St, High Point, NC 27265",Guilford,-80.031007,36.02654,Unknown
88,PO Box 15091,Winston Salem,NC,27113,"PO Box 15091, Winston Salem, NC 27113",Forsyth,-80.2739,36.0911,Unknown
89,330 Banuelo Dr,Henderson,NV,89014,"330 Banuelo Dr, Henderson, NV 89014",Clark,-115.070883,36.049942,Unknown
90,9290 Starcross Ln,Las Vegas,NV,89147,"9290 Starcross Ln, Las Vegas, NV 89147",Clark,-115.294535,36.124063,Unknown
91,4744 Winter St,Fort Wayne,IN,46806,"4744 Winter St, Fort Wayne, IN 46806",Allen,-85.115807,41.040832,Unknown
92,243 Shell Mound Ct,West Columbia,SC,29170,"243 Shell Mound Ct, Unit 47, West Columbia, SC 29170",Lexington County,-81.165406,33.9568,Unit 47
93,134 Magnolia Farms Dr,Milner,GA,30257,"134 Magnolia Farms Dr, Milner, GA 30257",Lamar County,-84.109415,33.187158,Unknown
94,7506 Stafford Rd,Charleston,SC,29406,"7506 Stafford Rd, Lot 4, Charleston, SC 29406",Charleston,-80.043147,32.937831,Lot 4
95,1575 Tonawanda Ave,Akron,OH,44305,"1575 Tonawanda Ave, Akron, OH 44305",Summit,-81.462731,41.078802,Unknown
96,650 S Xenon Ct,Lakewood,CO,80228,"650 S Xenon Ct, Lakewood, CO 80228",Jefferson,-105.140652,39.704589,Unknown
97,4115 W Bolton Dr,Eagle,ID,83616,"4115 W Bolton Dr, Eagle, ID 83616",Ada,-116.405053,43.665448,Unknown
98,1208 Remington St,Graham,TX,76450,"1208 Remington St, Graham, TX 76450",Young,-98.576067,33.108997,Unknown
99,1419 2nd Ave,Fairview Heights,IL,62208,"1419 2nd Ave, Fairview Heights, IL 62208",Saint Clair,-90.048979,38.598125,Unknown
100,2170 Highland Gate Dr,Cumming,GA,30040,"2170 Highland Gate Dr, Cumming, GA 30040",Forsyth,-84.169655,34.168693,Unknown
101,690 Sw 1st Ct,Miami,FL,33130,"690 Sw 1st Ct, Apt 1716, Miami, FL 33130",Miami-Dade,-80.196231,25.767901,Apt 1716
102,1306 Heidt Ave Ste C,Savannah,GA,31408,"1306 Heidt Ave Ste C, Savannah, GA 31408",Chatham,-81.157764,32.090258,Unknown
103,1457 Fence Post Dr,Haslet,TX,76052,"1457 Fence Post Dr, Haslet, TX 76052",Tarrant,-97.392706,32.982504,Unknown
104,295 S Main St,Marthaville,LA,71450,"295 S Main St, Marthaville, LA 71450",Natchitoches,-93.397513,31.738631,Unknown
105,6210 Limestone Ln,Midlothian,TX,76065,"6210 Limestone Ln, Midlothian, TX 76065",Ellis,-96.967489,32.413512,Unknown
106,2206 Driftwood Cir,West Palm Beach,FL,33410,"2206 Driftwood Cir, West Palm Beach, FL 33410",Palm Beach,-80.071178,26.857262,Unknown
107,385 Vernon Ave,New York,NY,11206,"385 Vernon Ave, Apt 4B, New York, NY 11206",Kings,-73.935381,40.696441,Apt 4B
108,372 White St,Orange,NJ,7050,"372 White St, Apt A5, Orange, NJ 07050",Essex,-74.230245,40.77599,Apt A5
109,4343 Plumeria Ave,Baytown,TX,77521,"4343 Plumeria Ave, Baytown, TX 77521",Harris,-94.994032,29.817664,Unknown
110,3838 E Elmwood St,Mesa,AZ,85205,"3838 E Elmwood St, Mesa, AZ 85205",Maricopa,-111.748518,33.43253,Unknown
111,18W137 Kirkland Ln,Villa Park,IL,60181,"18W137 Kirkland Ln, Villa Park, IL 60181",Dupage,-87.981294,41.857634,Unknown
112,375 S Mcmullen Booth Rd,Clearwater,FL,33759,"375 S Mcmullen Booth Rd, Apt 95, Clearwater, FL 33759",Pinellas,-82.706707,27.961971,Apt 95
113,5855 N Sheridan Rd,Chicago,IL,60660,"5855 N Sheridan Rd, Apt 19A, Chicago, IL 60660",Cook,-87.654693,41.988741,Apt 19A
114,1621 E 79th St,Cleveland,OH,44103,"1621 E 79th St, Cleveland, OH 44103",Cuyahoga,-81.633146,41.511436,Unknown
115,1203 N Grant St,Roma,TX,78584,"1203 N Grant St, Roma, TX 78584",Starr,-99.019249,26.410452,Unknown
116,3204 Wesley Ave,Ocean City,NJ,8226,"3204 Wesley Ave, Unit 1, Ocean City, NJ 08226",Cape May,-74.607384,39.252468,Unit 1
117,2481 Freetown Dr,Reston,VA,20191,"2481 Freetown Dr, Reston, VA 20191",Fairfax,-77.374413,38.929145,Unknown
118,Fairway Dr,Yadkinville,NC,27055,"Fairway Dr, Yadkinville, NC 27055",Yadkin,-80.661599,36.180277,Unknown
119,4928 W 112th St,Inglewood,CA,90304,"4928 W 112th St, Inglewood, CA 90304",Los Angeles,-118.364336,33.932541,Unknown
120,3911 Aledo St,Houston,TX,77051,"3911 Aledo St, Houston, TX 77051",Harris,-95.367616,29.667406,Unknown
121,265 Palma Ct,Oceanside,CA,92058,"265 Palma Ct, Apt 26, Oceanside, CA 92058",San Diego,-117.251946,33.0769,Apt 26
122,1020 Highway,Water Valley,MS,38965,"1020 Highway, 32, Water Valley, MS 38965",Yalobusha,-89.647434,34.13374,32
123,938 Bethany Ave,Turlock,CA,95380,"938 Bethany Ave, Turlock, CA 95380",Stanislaus County,-120.850793,37.484058,Unknown
124,8638 Maidstone Ct,Seminole,FL,33777,"8638 Maidstone Ct, Seminole, FL 33777",Pinellas,-82.759608,27.866769,Unknown
125,207 S Gum St,Summerville,SC,29483,"207 S Gum St, Summerville, SC 29483",Dorchester County,-80.172646,33.01682,Unknown
126,2575 Manor Dr,Hollidaysburg,PA,16648,"2575 Manor Dr, Hollidaysburg, PA 16648",Blair,-78.380969,40.451329,Unknown
127,5643 Double Oak Ln,Birmingham,AL,35242,"5643 Double Oak Ln, Birmingham, AL 35242",Shelby,-86.727966,33.356321,Unknown
128,1816 Knox Rd,Tolar,TX,76476,"1816 Knox Rd, Tolar, TX 76476",Hood County,-97.858562,32.399433,Unknown
129,1718 Westerly Dr,Brandon,FL,33511,"1718 Westerly Dr, Brandon, FL 33511",Hillsborough,-82.30881,27.908385,Unknown
130,1821 Nw 69th St,Miami,FL,33147,"1821 Nw 69th St, Miami, FL 33147",Miami-Dade,-80.228027,25.837302,Unknown
131,22W245 Hackberry Dr,Glen Ellyn,IL,60137,"22W245 Hackberry Dr, Glen Ellyn, IL 60137",Dupage,-88.059278,41.829503,Unknown
132,7603 Cedar Farm,San Antonio,TX,78239,"7603 Cedar Farm, San Antonio, TX 78239",Bexar,-98.357181,29.497498,Unknown
133,7908 Big View Dr,Austin,TX,78730,"7908 Big View Dr, Austin, TX 78730",Travis,-97.873551,30.348362,Unknown
134,27 Chesthill Ct,Nottingham,MD,21236,"27 Chesthill Ct, Nottingham, MD 21236",Baltimore,-76.485549,39.409387,Unknown
135,887 Franklin St,Jacksonville,FL,32206,"887 Franklin St, Apt 2303, Jacksonville, FL 32206",Duval,-81.639352,30.333587,Apt 2303
136,115 Georgia Belle Ave,Belmont,NC,28012,"115 Georgia Belle Ave, Belmont, NC 28012",Gaston,-81.059696,35.251558,Unknown
137,10009 Gerald Ave,North Hills,CA,91343,"10009 Gerald Ave, North Hills, CA 91343",Los Angeles,-118.495058,34.252312,Unknown
138,427 The Pkwy,Greer,SC,29650,"427 The Pkwy, Greer, SC 29650",Greenville,-82.256308,34.872218,Unknown
139,1932 Russell Rd,Shreveport,LA,71107,"1932 Russell Rd, Shreveport, LA 71107",Caddo,-93.803154,32.542534,Unknown
140,5204 40th St,Lubbock,TX,79414,"5204 40th St, Lubbock, TX 79414",Lubbock,-101.922984,33.558105,Unknown
141,3297 FM 2259,Nacogdoches,TX,75961,"3297 FM 2259, # 2, Nacogdoches, TX 75961",Nacogdoches,-94.62134,31.566657,# 2
142,3138 Arizona Ave,Dallas,TX,75216,"3138 Arizona Ave, Dallas, TX 75216",Dallas,-96.817914,32.706165,Unknown
143,8 Reef Ct,Sacramento,CA,95831,"8 Reef Ct, Sacramento, CA 95831",Sacramento County,-121.536805,38.505002,Unknown
144,5302 Boyce Springs Dr,Houston,TX,77066,"5302 Boyce Springs Dr, Houston, TX 77066",Harris,-95.502923,29.977246,Unknown
145,5 Stillwell Dr,Plainville,CT,6062,"5 Stillwell Dr, Plainville, CT 06062",Hartford,-72.863734,41.663392,Unknown
146,1873 W Schwartz Blvd,Lady Lake,FL,32159,"1873 W Schwartz Blvd, Lady Lake, FL 32159",Lake,-81.939841,28.959867,Unknown
147,11514 Annette Ave,Tampa,FL,33637,"11514 Annette Ave, Unit 136, Tampa, FL 33637",Hillsborough County,-82.357189,28.051166,Unit 136
148,1171 Prospect Rd,Pittsburgh,PA,15227,"1171 Prospect Rd, Pittsburgh, PA 15227",Allegheny,-79.975679,40.363667,Unknown
149,5271 Columbia Rd,Columbia,MD,21044,"5271 Columbia Rd, Columbia, MD 21044",Howard,-76.841985,39.2355,Unknown
150,1525 Potomac Dr,Houston,TX,77057,"1525 Potomac Dr, Houston, TX 77057",Harris,-95.488537,29.751748,Unknown
151,2195 Theda Ave,Memphis,TN,38127,"2195 Theda Ave, Memphis, TN 38127",Shelby,-89.990456,35.22044,Unknown
152,5114 Cottage Creek Ln,Richmond,TX,77469,"5114 Cottage Creek Ln, Richmond, TX 77469",Fort Bend,-95.802274,29.508834,Unknown
153,2237 Brighton Pl,Harvey,LA,70058,"2237 Brighton Pl, Harvey, LA 70058",Jefferson,-90.055272,29.861035,Unknown
154,2334 Shoreham Dr,Saint Joseph,MI,49085,"2334 Shoreham Dr, Saint Joseph, MI 49085",Berrien County,-86.510295,42.05813,Unknown
155,4603 Mcknight Mill Rd,Greensboro,NC,27405,"4603 Mcknight Mill Rd, Greensboro, NC 27405",Guilford,-79.722478,36.1438,Unknown
156,3878 N Nc 16 Business Hwy,Denver,NC,28037,"3878 N Nc 16 Business Hwy, Denver, NC 28037",Lincoln,-81.033105,35.533616,Unknown
157,144 S Peck Dr,Beverly Hills,CA,90212,"144 S Peck Dr, Beverly Hills, CA 90212",Los Angeles,-118.403357,34.065462,Unknown
158,18233 Cypress Haven Dr,Tampa,FL,33647,"18233 Cypress Haven Dr, Tampa, FL 33647",Hillsborough,-82.313677,28.151666,Unknown
159,2796 Jacamar Ave NE,Saint Michael,MN,55376,"2796 Jacamar Ave NE, Saint Michael, MN 55376",Wright,-93.697362,45.19134,Unknown
160,708 Skyview Dr,Nashville,TN,37206,"708 Skyview Dr, Nashville, TN 37206",Davidson,-86.728762,36.183,Unknown
161,1708 E Woodbury Rd,Pasadena,CA,91104,"1708 E Woodbury Rd, Pasadena, CA 91104",Los Angeles,-118.115302,34.177155,Unknown
162,10316 E 211th St,Noblesville,IN,46062,"10316 E 211th St, Noblesville, IN 46062",Hamilton,-85.984589,40.09804,Unknown
163,339 Allendale Pl,Flint,MI,48503,"339 Allendale Pl, Flint, MI 48503",Genesee,-83.726474,43.011933,Unknown
164,33001 Vine St,Willowick,OH,44095,"33001 Vine St, Apt D10, Willowick, OH 44095",Lake,-81.453388,41.642598,Apt D10
165,3620 Moreno Ave,La Verne,CA,91750,"3620 Moreno Ave, Spc 45, La Verne, CA 91750",Los Angeles,-117.779408,34.115844,Spc 45
166,8757 49th Ter E,Bradenton,FL,34211,"8757 49th Ter E, Bradenton, FL 34211",Manatee,-82.448691,27.453045,Unknown
167,105 Chestnut Ln,Mars Hill,NC,28754,"105 Chestnut Ln, Lot 105, Mars Hill, NC 28754",Yancey County,-82.48877,35.967926,Lot 105
168,26 Pivot Ave,North Las Vegas,NV,89031,"26 Pivot Ave, North Las Vegas, NV 89031",Clark,-115.140582,36.264983,Unknown
169,136 Squaw Valley Ln,Tafton,PA,18464,"136 Squaw Valley Ln, Tafton, PA 18464",Pike County,-75.165622,41.41434,Unknown
170,4706 N Winthrop Ave,Chicago,IL,60640,"4706 N Winthrop Ave, Apt 2A, Chicago, IL 60640",Cook,-87.658013,41.967601,Apt 2A
171,406 Cold Spring Dr,College Station,TX,77845,"406 Cold Spring Dr, College Station, TX 77845",Brazos,-96.252854,30.566519,Unknown
172,6884 Ducketts Ln,Elkridge,MD,21075,"6884 Ducketts Ln, Elkridge, MD 21075",Howard,-76.747289,39.199799,Unknown
173,3600 Clarinth Rd,Baltimore,MD,21215,"3600 Clarinth Rd, Apt 2B, Baltimore, MD 21215",Baltimore City,-76.701154,39.363044,Apt 2B
174,1816 S Washington St,Kokomo,IN,46902,"1816 S Washington St, Kokomo, IN 46902",Howard,-86.133514,40.465296,Unknown
175,10511 Lindley Ave,Porter Ranch,CA,91326,"10511 Lindley Ave, Apt 239, Porter Ranch, CA 91326",Los Angeles,-118.527934,34.261062,Apt 239
176,455 E Jefferson St,Butler,PA,16001,"455 E Jefferson St, Butler, PA 16001",Butler,-79.886711,40.860757,Unknown
177,2505 W Slaughter Ln,Austin,TX,78748,"2505 W Slaughter Ln, Apt D, Austin, TX 78748",Travis,-97.83156,30.176103,Apt D
178,409 Heathrow Dr,Florence,AL,35633,"409 Heathrow Dr, Florence, AL 35633",Lauderdale County,-87.702522,34.847458,Unknown
179,190 Van Nostrand Ave,Jersey City,NJ,7305,"190 Van Nostrand Ave, Apt 44, Jersey City, NJ 07305",Hudson,-74.088746,40.702914,Apt 44
180,9427 Castlegap Dr,Spring,TX,77379,"9427 Castlegap Dr, Spring, TX 77379",Harris,-95.562045,30.053644,Unknown
181,1200 W Cheyenne Ave,North Las Vegas,NV,89030,"1200 W Cheyenne Ave, Apt 2084, North Las Vegas, NV 89030",Clark,-115.158411,36.219938,Apt 2084
182,2210 N 160th St,Omaha,NE,68116,"2210 N 160th St, Omaha, NE 68116",Douglas,-96.164234,41.280666,Unknown
183,PO Box 5151,Fallon,NV,89407,"PO Box 5151, Fallon, NV 89407",Churchill,-118.7782,39.4755,Unknown
184,1339 Parkway Ct,Houston,TX,77077,"1339 Parkway Ct, Houston, TX 77077",Harris,-95.633727,29.763114,Unknown
185,6501 Wilmington Oaks Dr,Cedar Hill,MO,63016,"6501 Wilmington Oaks Dr, Cedar Hill, MO 63016",Jefferson,-90.644158,38.364793,Unknown
186,7725 N Ashland Ave,Chicago,IL,60626,"7725 N Ashland Ave, Apt 3, Chicago, IL 60626",Cook,-87.670338,42.021935,Apt 3
187,6 Village By The Lake Ln,Southern Pines,NC,28387,"6 Village By The Lake Ln, Southern Pines, NC 28387",Moore County,-79.387164,35.188088,Unknown
188,3540 N Escala Ct,Park City,UT,84098,"3540 N Escala Ct, # C-33, Park City, UT 84098",Summit,-111.556937,40.682003,# C-33
189,7900 Calle Torcido,Bakersfield,CA,93309,"7900 Calle Torcido, Bakersfield, CA 93309",Kern,-119.090474,35.343716,Unknown
190,5128 Kingsley Dr,Indianapolis,IN,46205,"5128 Kingsley Dr, Indianapolis, IN 46205",Marion,-86.130613,39.846039,Unknown
191,512 Spruce St E,Ilwaco,WA,98624,"512 Spruce St E, Ilwaco, WA 98624",Pacific County,-124.037319,46.30907,Unknown
192,3501 N FM 492,Mission,TX,78574,"3501 N FM 492, Mission, TX 78574",Hidalgo,-98.388964,26.25677,Unknown
193,741 Nw 18th Pl,Miami,FL,33125,"741 Nw 18th Pl, Apt B, Miami, FL 33125",Miami-Dade,-80.225693,25.780634,Apt B
194,11109 Whitney Ln,Hagerstown,MD,21742,"11109 Whitney Ln, Hagerstown, MD 21742",Washington,-77.676006,39.618932,Unknown
195,713 Silver Pearl St,Henderson,NV,89002,"713 Silver Pearl St, Henderson, NV 89002",Clark,-114.945535,36.001657,Unknown
196,309 Feronia Way,Rutherford,NJ,7070,"309 Feronia Way, Rutherford, NJ 07070",Bergen,-74.105291,40.817259,Unknown
197,841 25th St,Newport News,VA,23607,"841 25th St, Newport News, VA 23607",Newport News City,-76.414162,36.984446,Unknown
198,3205 Lloyds Ln,Mobile,AL,36693,"3205 Lloyds Ln, Apt M1, Mobile, AL 36693",Mobile,-88.185453,30.624599,Apt M1
199,61-55 98th St,Rego Park,NY,11374,"61-55 98th St, Unit 8D, Rego Park, NY 11374",Queens County,-73.859263,40.733644,Unit 8D
200,15644 S Church St,Olathe,KS,66062,"15644 S Church St, Unit 1200, Olathe, KS 66062",Johnson,-94.800811,38.844609,Unit 1200
201,1934 Sarafina Dr,Prescott,AZ,86301,"1934 Sarafina Dr, Prescott, AZ 86301",Yavapai,-112.432676,34.593838,Unknown
202,2691 El Camino Dr,Turlock,CA,95380,"2691 El Camino Dr, Turlock, CA 95380",Stanislaus County,-120.818221,37.501486,Unknown
203,40 Red Barn Rd,Trumbull,CT,6611,"40 Red Barn Rd, Trumbull, CT 06611",Fairfield,-73.256799,41.292289,Unknown
204,7819 Nikis Xing,Conroe,TX,77304,"7819 Nikis Xing, Conroe, TX 77304",Montgomery,-95.507783,30.37749,Unknown
205,17458 Bellflower Blvd,Bellflower,CA,90706,"17458 Bellflower Blvd, Bellflower, CA 90706",Los Angeles,-118.124409,33.873167,Unknown
206,1320 S Florence Pl,Tulsa,OK,74104,"1320 S Florence Pl, Tulsa, OK 74104",Tulsa,-95.944015,36.143465,Unknown
207,1 Coveney Rd,Buchanan,MI,49107,"1 Coveney Rd, Buchanan, MI 49107",Berrien County,-86.430776,41.891817,Unknown
208,9006 Villa Park Cir,Dallas,TX,75225,"9006 Villa Park Cir, Dallas, TX 75225",Dallas,-96.77676,32.87266,Unknown
209,28 Arrowwood Ct,Durham,NC,27712,"28 Arrowwood Ct, Durham, NC 27712",Durham,-78.851355,36.127533,Unknown
210,130 Alps Rd,Branford,CT,6405,"130 Alps Rd, Branford, CT 06405",New Haven,-72.840268,41.268131,Unknown
211,6815 Ridge Ave,Philadelphia,PA,19128,"6815 Ridge Ave, Philadelphia, PA 19128",Philadelphia,-75.226442,40.042943,Unknown
212,7063 Mira Vista St,Las Vegas,NV,89120,"7063 Mira Vista St, Las Vegas, NV 89120",Clark,-115.108956,36.06139,Unknown
213,5130 Linton Blvd,Delray Beach,FL,33484,"5130 Linton Blvd, Ste G5, Delray Beach, FL 33484",Palm Beach,-80.122842,26.4389,Ste G5
214,299 Doubles Ln,Davenport,FL,33837,"299 Doubles Ln, Davenport, FL 33837",Polk,-81.63503299999999,28.216871,Unknown
215,323 Huntington,Newport,MI,48166,"323 Huntington, Newport, MI 48166",Monroe,-83.367561,41.99012,Unknown
216,12524 Crest Spg Ln,Orlando,FL,32828,"12524 Crest Spg Ln, Apt 1234, Orlando, FL 32828",Orange,-81.199292,28.549359,Apt 1234
217,100 Sw 130th Ter,Pembroke Pines,FL,33027,"100 Sw 130th Ter, Apt 401C, Pembroke Pines, FL 33027",Broward,-80.321011,26.005162,Apt 401C
218,2005 Dodge Trl,Grand Prairie,TX,75052,"2005 Dodge Trl, Grand Prairie, TX 75052",Dallas,-97.030957,32.659412,Unknown
219,1420 W Mcdermott Dr,Allen,TX,75013,"1420 W Mcdermott Dr, Apt 1018, Allen, TX 75013",Collin,-96.703778,33.100961,Apt 1018
220,PO Box 801299,Balch Springs,TX,75180,"PO Box 801299, Balch Springs, TX 75180",Dallas,-96.615693,32.718595,Unknown
221,20 Webb Pl,Mansfield,MA,2048,"20 Webb Pl, Apt 2C, Mansfield, MA 02048",Bristol,-71.215026,42.024183,Apt 2C
222,221 Geneva Dr,Sedona,AZ,86336,"221 Geneva Dr, Sedona, AZ 86336",Coconino,-111.773157,34.831556,Unknown
223,120 Aspen Dr,Stephens City,VA,22655,"120 Aspen Dr, Stephens City, VA 22655",Frederick,-78.183341,39.104525,Unknown
224,1020 Lavaca,Canyon Lake,TX,78133,"1020 Lavaca, Canyon Lake, TX 78133",Comal,-98.226912,29.9266,Unknown
225,25 Spring Water Ct,Williams Township,PA,18042,"25 Spring Water Ct, Williams Township, PA 18042",Northampton County,-75.255705,40.638035,Unknown
226,715 Northern Trl,Leander,TX,78641,"715 Northern Trl, Leander, TX 78641",Williamson,-97.861456,30.56599,Unknown
227,3229 Raven Cir,Lexington,KY,40502,"3229 Raven Cir, Lexington, KY 40502",Fayette,-84.498092,37.999802,Unknown
228,70 Russell St,New Bedford,MA,2740,"70 Russell St, Apt 5, New Bedford, MA 02740",Bristol,-70.927384,41.628786,Apt 5
229,1350 1st St,Cottage Hills,IL,62018,"1350 1st St, Cottage Hills, IL 62018",Madison,-90.085642,38.910747,Unknown
230,2625 Easton Blvd,Des Moines,IA,50317,"2625 Easton Blvd, Des Moines, IA 50317",Polk,-93.567441,41.608022,Unknown
231,4500 W Federal Way,Queen Creek,AZ,85142,"4500 W Federal Way, Queen Creek, AZ 85142",Pinal,-111.614461,33.183067,Unknown
232,7927 Chilton Stage,San Antonio,TX,78255,"7927 Chilton Stage, San Antonio, TX 78255",Bexar,-98.639706,29.670067,Unknown
233,620 Gramac Ln,Pittsburgh,PA,15235,"620 Gramac Ln, Pittsburgh, PA 15235",Allegheny,-79.823533,40.449867,Unknown
234,1616 N Rosa Ln,Saratoga Springs,UT,84045,"1616 N Rosa Ln, Saratoga Springs, UT 84045",Utah,-111.907978,40.391513,Unknown
235,1707 N West St,Wichita,KS,67203,"1707 N West St, Wichita, KS 67203",Sedgwick,-97.390077,37.714289,Unknown
236,6005 Wormar Ave,Fort Worth,TX,76133,"6005 Wormar Ave, Fort Worth, TX 76133",Tarrant,-97.379612,32.657732,Unknown
237,19840 Larbert St,Canyon Country,CA,91351,"19840 Larbert St, Canyon Country, CA 91351",Los Angeles,-118.483735,34.434963,Unknown
238,43321 Carol Dr,Lancaster,CA,93535,"43321 Carol Dr, Lancaster, CA 93535",Los Angeles,-118.108177,34.670262,Unknown
239,1948 Harvest Ln,Nevada,TX,75173,"1948 Harvest Ln, Nevada, TX 75173",Collin,-96.341876,33.058403,Unknown
240,1520 N Fieldcrest Cir,Wichita,KS,67212,"1520 N Fieldcrest Cir, Wichita, KS 67212",Sedgwick,-97.468754,37.711393,Unknown
241,1609 N Treasure Dr,North Bay Village,FL,33141,"1609 N Treasure Dr, North Bay Village, FL 33141",Miami-Dade,-80.151952,25.847566,Unknown
242,1218 Ne 17th Ave,Fort Lauderdale,FL,33304,"1218 Ne 17th Ave, Fort Lauderdale, FL 33304",Broward,-80.125707,26.141638,Unknown
243,5801 W Business 83,Harlingen,TX,78552,"5801 W Business 83, Lot 23, Harlingen, TX 78552",Cameron,-97.748554,26.179738,Lot 23
244,3743 Landon Ct,Gulf Breeze,FL,32563,"3743 Landon Ct, Gulf Breeze, FL 32563",Santa Rosa,-87.060584,30.384693,Unknown
245,22727 Bridgewater Dr,Spring,TX,77373,"22727 Bridgewater Dr, Spring, TX 77373",Harris,-95.398762,30.039045,Unknown
246,689 Casey Rd,East Amherst,NY,14051,"689 Casey Rd, East Amherst, NY 14051",Erie,-78.712644,43.022758,Unknown
247,14494 S Ronan Ln,Herriman,UT,84096,"14494 S Ronan Ln, Unit 102, Herriman, UT 84096",Salt Lake,-111.993892,40.48801,Unit 102
248,10374 Vena Ave,Arleta,CA,91331,"10374 Vena Ave, Arleta, CA 91331",Los Angeles,-118.439408,34.259407,Unknown
249,8781 Lake Jordan Way,Dinwiddie,VA,23803,"8781 Lake Jordan Way, North, Dinwiddie, VA 23803",Dinwiddie,-77.525643,37.152149,North
250,441 E Covington Cir N,Stansbury Park,UT,84074,"441 E Covington Cir N, Stansbury Park, UT 84074",Tooele County,-112.293473,40.624666,Unknown
251,2402 Westchester Ave,Ellicott City,MD,21043,"2402 Westchester Ave, Ellicott City, MD 21043",Baltimore,-76.779679,39.274238,Unknown
252,230 Front St,Salinas,CA,93901,"230 Front St, Apt G, Salinas, CA 93901",Monterey,-121.649633,36.675077,Apt G
253,5595 N Us Hwy,De Berry,TX,75639,"5595 N Us Hwy, 79, De Berry, TX 75639",Panola County,-94.20616,32.267803,79
254,6824 N Algonquin Ave,Chicago,IL,60646,"6824 N Algonquin Ave, Chicago, IL 60646",Cook,-87.763183,42.005631,Unknown
255,650 N Sam Houston Pkwy E,Houston,TX,77060,"650 N Sam Houston Pkwy E, Ste 500, Houston, TX 77060",Harris,-95.389295,29.937448,Ste 500
256,PO Box 190486,Little Rock,AR,72219,"PO Box 190486, Little Rock, AR 72219",Pulaski,-92.3437,34.682,Unknown
257,2217 Concord Dr,Pittsburg,CA,94565,"2217 Concord Dr, Pittsburg, CA 94565",Contra Costa,-121.928847,38.014238,Unknown
258,9523 Lost Eagle Dr,Houston,TX,77064,"9523 Lost Eagle Dr, Houston, TX 77064",Harris,-95.57013,29.911467,Unknown
259,804 2nd Ave,Joliet,IL,60433,"804 2nd Ave, Joliet, IL 60433",Will,-88.061795,41.520902,Unknown
260,2013 Adams St,Hollywood,FL,33020,"2013 Adams St, Hollywood, FL 33020",Broward,-80.147411,26.005171,Unknown
261,825 Garrow Rd,Newport News,VA,23608,"825 Garrow Rd, Newport News, VA 23608",Newport News City,-76.556844,37.127657,Unknown
262,1212 West Ave,Elyria,OH,44035,"1212 West Ave, Elyria, OH 44035",Lorain,-82.110374,41.354638,Unknown
263,2380 Watt Ave,Sacramento,CA,95825,"2380 Watt Ave, Ste 105, Sacramento, CA 95825",Sacramento,-121.382909,38.607193,Ste 105
264,2662 Eagle Ridge Dr,Grand Junction,CO,81503,"2662 Eagle Ridge Dr, Grand Junction, CO 81503",Mesa,-108.558942,39.036297,Unknown
265,15612 Gramercy Pl,Gardena,CA,90249,"15612 Gramercy Pl, Gardena, CA 90249",Los Angeles,-118.31315,33.888864,Unknown
266,13970 Ramhurst Dr,La Mirada,CA,90638,"13970 Ramhurst Dr, Apt 8, La Mirada, CA 90638",Los Angeles,-118.03405,33.915964,Apt 8
267,2700 N Grand Ave,Tyler,TX,75702,"2700 N Grand Ave, Apt M130, Tyler, TX 75702",Smith,-95.312151,32.376939,Apt M130
268,700 58th Ave N,Brooklyn Center,MN,55430,"700 58th Ave N, Brooklyn Center, MN 55430",Hennepin County,-93.289003,45.060421,Unknown
269,380 Church St,Saint Ignace,MI,49781,"380 Church St, Apt 7, Saint Ignace, MI 49781",Mackinac County,-84.72171,45.862628,Apt 7
270,1625 Eastern Hills Dr,Clarksville,TN,37043,"1625 Eastern Hills Dr, Clarksville, TN 37043",Montgomery,-87.317581,36.518711,Unknown
271,22329 Century Dr,Taylor,MI,48180,"22329 Century Dr, Taylor, MI 48180",Wayne,-83.25053,42.211502,Unknown
272,6504 Arbor Ridge Dr,Crestwood,KY,40014,"6504 Arbor Ridge Dr, Crestwood, KY 40014",Oldham,-85.477529,38.335289,Unknown
273,1603 Charlestown Station Ct,New Albany,IN,47150,"1603 Charlestown Station Ct, Unit 2, New Albany, IN 47150",Floyd County,-85.804602,38.319882,Unit 2
274,9801 W Parmer Ln,Austin,TX,78717,"9801 W Parmer Ln, Apt 2333, Austin, TX 78717",Williamson,-97.771554,30.486044,Apt 2333
275,20 Alberta St,Rochester,NY,14619,"20 Alberta St, Rochester, NY 14619",Monroe,-77.650281,43.144062,Unknown
276,224 Eureka Ave,Lodi,CA,95240,"224 Eureka Ave, Lodi, CA 95240",San Joaquin,-121.275757,38.14409,Unknown
277,33 Broadway,Milford,CT,6460,"33 Broadway, Apt 2, Milford, CT 06460",New Haven,-73.084187,41.192663,Apt 2
278,1955 1st Ave,New York,NY,10029,"1955 1st Ave, Apt 321, New York, NY 10029",New York,-73.942795,40.786201,Apt 321
279,3362 159th St,Flushing,NY,11358,"3362 159th St, Flushing, NY 11358",Queens,-73.806277,40.766423,Unknown
280,12856 Emmer Pl,Saint Paul,MN,55124,"12856 Emmer Pl, Saint Paul, MN 55124",Dakota,-93.173632,44.762958,Unknown
281,38 W Grand,Highland Park,MI,48203,"38 W Grand, Highland Park, MI 48203",Wayne,-83.097657,42.403943,Unknown
282,19932 Edgewood Ln,Huntington Beach,CA,92646,"19932 Edgewood Ln, Huntington Beach, CA 92646",Orange,-117.982361,33.673155,Unknown
283,PO Box 66069,Saint Petersburg,FL,33736,"PO Box 66069, Saint Petersburg, FL 33736",Pinellas,-82.748,27.7431,Unknown
284,13940 86th Rd,Jamaica,NY,11435,"13940 86th Rd, Jamaica, NY 11435",Queens,-73.814894,40.707322,Unknown
285,73 Genesis Ln,Camden,SC,29020,"73 Genesis Ln, Camden, SC 29020",Kershaw,-80.576809,34.228801,Unknown
286,3001 Cliff Dr,Fort Smith,AR,72901,"3001 Cliff Dr, Fort Smith, AR 72901",Sebastian,-94.400887,35.344918,Unknown
287,6771 Hickory Creek Rd,Chattanooga,TN,37421,"6771 Hickory Creek Rd, Chattanooga, TN 37421",Hamilton,-85.164887,35.051531,Unknown
288,200 Sw 29th Ave,Miami,FL,33135,"200 Sw 29th Ave, Miami, FL 33135",Miami-Dade,-80.241215,25.770299,Unknown
289,3272 W Lake Mary Blvd,Lake Mary,FL,32746,"3272 W Lake Mary Blvd, Ste 1810, Lake Mary, FL 32746",Seminole,-81.335834,28.757133,Ste 1810
290,335 W North St,Carey,OH,43316,"335 W North St, Carey, OH 43316",Wyandot,-83.387473,40.954388,Unknown
291,617 Uwharrie St,Asheboro,NC,27203,"617 Uwharrie St, Apt M, Asheboro, NC 27203",Randolph,-79.826158,35.699156,Apt M
292,394 Forest Ave,Locust Valley,NY,11560,"394 Forest Ave, Apt 2, Locust Valley, NY 11560",Nassau,-73.611644,40.87456,Apt 2
293,512 Claude Simmons Rd,Johnson City,TN,37604,"512 Claude Simmons Rd, Johnson City, TN 37604",Washington,-82.430637,36.331488,Unknown
294,2218 Brentwood Dr,Springfield,IL,62704,"2218 Brentwood Dr, Springfield, IL 62704",Sangamon,-89.695526,39.773125,Unknown
295,391 Valencia St,San Francisco,CA,94103,"391 Valencia St, Apt 202, San Francisco, CA 94103",San Francisco,-122.422078,37.766792,Apt 202
296,305 Wickerberry Way,Athens,AL,35611,"305 Wickerberry Way, Athens, AL 35611",Limestone,-86.96656,34.79207,Unknown
297,758 Se 55th Pl,Hillsboro,OR,97123,"758 Se 55th Pl, Hillsboro, OR 97123",Washington,-122.926396,45.513921,Unknown
298,602 S Hammonds Ferry Rd,Linthicum Heights,MD,21090,"602 S Hammonds Ferry Rd, Linthicum Heights, MD 21090",Anne Arundel,-76.657892,39.200199,Unknown
299,13887 Santa Ana Ave,Fontana,CA,92337,"13887 Santa Ana Ave, Fontana, CA 92337",San Bernardino,-117.502236,34.055204,Unknown
300,600 Ne 36th St,Miami,FL,33137,"600 Ne 36th St, Apt 1914, Miami, FL 33137",Miami-Dade,-80.18645,25.810145,Apt 1914
301,6304 Decker Dr,Baytown,TX,77520,"6304 Decker Dr, Apt 804, Baytown, TX 77520",Harris,-95.035005,29.785624,Apt 804
302,540 Brookside Dr,Richmond,CA,94801,"540 Brookside Dr, Richmond, CA 94801",Contra Costa,-122.363289,37.964102,Unknown
303,1384 E Decamp St,Burton,MI,48529,"1384 E Decamp St, Burton, MI 48529",Genesee,-83.67875599999999,42.979902,Unknown
304,1304 Koocksville Rd,Mason,TX,76856,"1304 Koocksville Rd, Mason, TX 76856",Mason,-99.244339,30.756132,Unknown
305,429 Meandering Creek Dr,Argyle,TX,76226,"429 Meandering Creek Dr, Argyle, TX 76226",Denton,-97.192311,33.132264,Unknown
306,4812 Elkmont Rd,Orlando,FL,32808,"4812 Elkmont Rd, Orlando, FL 32808",Orange,-81.446915,28.56706,Unknown
307,3717 Teeside Dr,New Port Richey,FL,34655,"3717 Teeside Dr, New Port Richey, FL 34655",Pasco,-82.653758,28.21304,Unknown
308,22061 Shallowater Ln,Estero,FL,34135,"22061 Shallowater Ln, Estero, FL 34135",Lee,-81.797644,26.416305,Unknown
309,99 Geneva St,Bath,NY,14810,"99 Geneva St, Bath, NY 14810",Steuben,-77.311,42.347476,Unknown
310,225 Morning Dale Rd,Matthews,NC,28105,"225 Morning Dale Rd, Matthews, NC 28105",Mecklenburg,-80.749345,35.128138,Unknown
311,459 40th St,Brooklyn,NY,11232,"459 40th St, Apt 1L, Brooklyn, NY 11232",Kings,-74.004992,40.651258,Apt 1L
312,4749 E 174th St,Cleveland,OH,44128,"4749 E 174th St, Cleveland, OH 44128",Cuyahoga,-81.557581,41.430266,Unknown
313,604 Allen St,Clinton,NC,28328,"604 Allen St, Clinton, NC 28328",Sampson,-78.315247,35.01569,Unknown
314,2 Park Ave,Bryn Mawr,PA,19010,"2 Park Ave, Bryn Mawr, PA 19010",Delaware,-75.339499,40.005825,Unknown
315,3940 E Stanford Ave,Gilbert,AZ,85234,"3940 E Stanford Ave, Gilbert, AZ 85234",Maricopa,-111.706129,33.367563,Unknown
316,720 W Lewis St,San Diego,CA,92103,"720 W Lewis St, Unit 14, San Diego, CA 92103",San Diego,-117.170188,32.751926,Unit 14
317,2740 Trenton Rd,Clarksville,TN,37040,"2740 Trenton Rd, Apt 1906, Clarksville, TN 37040",Montgomery,-87.315195,36.587977,Apt 1906
318,9832 Ashley Dr,Seminole,FL,33772,"9832 Ashley Dr, Seminole, FL 33772",Pinellas,-82.802849,27.862037,Unknown
319,2504 S Lamonte St,Spokane,WA,99203,"2504 S Lamonte St, Spokane, WA 99203",Spokane County,-117.40625,47.631579,Unknown
320,6 Old Castle Ct,Spring,TX,77382,"6 Old Castle Ct, Spring, TX 77382",Montgomery,-95.559737,30.201927,Unknown
321,3308 Monclova Dr,Laredo,TX,78046,"3308 Monclova Dr, Laredo, TX 78046",Webb,-99.458232,27.477005,Unknown
322,3400 Kay St,Austin,TX,78702,"3400 Kay St, Austin, TX 78702",Travis,-97.697884,30.269739,Unknown
323,111 N Burns St,Independence,KS,67301,"111 N Burns St, Independence, KS 67301",Montgomery,-95.693842,37.223295,Unknown
324,10601 Menchaca Rd,Austin,TX,78748,"10601 Menchaca Rd, Apt 6108, Austin, TX 78748",Travis,-97.82698,30.163601,Apt 6108
325,763 Kimberly Ln,Manchester,TN,37355,"763 Kimberly Ln, Manchester, TN 37355",Coffee,-86.037855,35.46184,Unknown
326,8748 Brecksville Rd,Brecksville,OH,44141,"8748 Brecksville Rd, Ste 110, Brecksville, OH 44141",Cuyahoga,-81.626915,41.324116,Ste 110
327,7740 S Morgan St,Chicago,IL,60620,"7740 S Morgan St, Chicago, IL 60620",Cook,-87.64929,41.752961,Unknown
328,31680 Avenida Maravilla,Cathedral City,CA,92234,"31680 Avenida Maravilla, Cathedral City, CA 92234",Riverside,-116.466929,33.818057,Unknown
329,759 Edgerton St,Saint Paul,MN,55130,"759 Edgerton St, Saint Paul, MN 55130",Ramsey,-93.076442,44.964162,Unknown
330,8706 White Quail,San Antonio,TX,78250,"8706 White Quail, San Antonio, TX 78250",Bexar,-98.652079,29.500965,Unknown
331,1845 E FM 544,Wylie,TX,75098,"1845 E FM 544, Wylie, TX 75098",Collin,-96.520583,32.987633,Unknown
332,114 Oak Knoll Dr,San Antonio,TX,78228,"114 Oak Knoll Dr, San Antonio, TX 78228",Bexar,-98.581878,29.47284,Unknown
333,4250 Antelope Ln,Snellville,GA,30039,"4250 Antelope Ln, Snellville, GA 30039",Gwinnett,-84.020036,33.78706,Unknown
334,1035 Nancy Ln,Winston Salem,NC,27107,"1035 Nancy Ln, Winston Salem, NC 27107",Forsyth,-80.212876,36.054445,Unknown
335,17 Granite St,Brooklyn,NY,11207,"17 Granite St, Apt 2R, Brooklyn, NY 11207",Kings,-73.908381,40.682304,Apt 2R
336,142 Princeton Ave,Buffalo,NY,14226,"142 Princeton Ave, Apt 1, Buffalo, NY 14226",Erie,-78.818981,42.960933,Apt 1
337,2122 Teakwood Ln,Plano,TX,75075,"2122 Teakwood Ln, Plano, TX 75075",Collin,-96.737511,33.020203,Unknown
338,312 50th Avenue Dr W,Bradenton,FL,34207,"312 50th Avenue Dr W, Bradenton, FL 34207",Manatee,-82.565734,27.452634,Unknown
339,208 Freeport Rd,North East,PA,16428,"208 Freeport Rd, North East, PA 16428",Erie County,-79.83427,42.237743,Unknown
340,19 Franklinwood Dr,Greensboro,NC,27401,"19 Franklinwood Dr, Greensboro, NC 27401",Guilford,-79.742408,36.074326,Unknown
341,2439 Emmanuel Church Rd,Conover,NC,28613,"2439 Emmanuel Church Rd, Conover, NC 28613",Catawba,-81.174409,35.684119,Unknown
342,232 Kingsmeadow Ln,Blacklick,OH,43004,"232 Kingsmeadow Ln, Blacklick, OH 43004",Franklin,-82.801135,39.979559,Unknown
343,820 W Indiantown Rd,Jupiter,FL,33458,"820 W Indiantown Rd, Ste 103, Jupiter, FL 33458",Palm Beach,-80.108392,26.933888,Ste 103
344,712 West Ave,Levelland,TX,79336,"712 West Ave, Levelland, TX 79336",Hockley,-102.38741,33.585297,Unknown
345,534 Quail Hollow Dr,Prescott,AZ,86303,"534 Quail Hollow Dr, Prescott, AZ 86303",Yavapai,-112.453709,34.533061000000004,Unknown
346,1778 W State St,Sycamore,IL,60178,"1778 W State St, Apt 2, Sycamore, IL 60178",Dekalb,-88.71793,41.99566,Apt 2
347,666 Greenwich St,New York,NY,10014,"666 Greenwich St, Apt 752, New York, NY 10014",New York County,-74.007875,40.732026,Apt 752
348,5515 Guess Rd,Durham,NC,27712,"5515 Guess Rd, Durham, NC 27712",Durham,-78.933709,36.094159,Unknown
349,1910 Glenmorrie Ln,Lake Oswego,OR,97034,"1910 Glenmorrie Ln, Lake Oswego, OR 97034",Clackamas,-122.657784,45.403255,Unknown
350,9054A 17th Ave SW,Seattle,WA,98106,"9054A 17th Ave SW, Seattle, WA 98106",King,-122.35591,47.52127,Unknown
351,940 San Gabriel St,Rockdale,TX,76567,"940 San Gabriel St, Rockdale, TX 76567",Milam,-97.004008,30.66631,Unknown
352,11900 City Park Central Ln,Houston,TX,77047,"11900 City Park Central Ln, Apt 1108, Houston, TX 77047",Harris,-95.390432,29.623262,Apt 1108
353,173 Dino Rd,Bristol,CT,6010,"173 Dino Rd, Bristol, CT 06010",Hartford,-72.899131,41.660435,Unknown
354,13834 N Walking Y Ln,Prescott,AZ,86305,"13834 N Walking Y Ln, Prescott, AZ 86305",Yavapai,-112.631678,34.744526,Unknown
355,3088 Toomey Pl,Santa Clara,CA,95051,"3088 Toomey Pl, Santa Clara, CA 95051",Santa Clara,-121.9929,37.377135,Unknown
356,2145 Honey Dr,San Diego,CA,92139,"2145 Honey Dr, Apt 15, San Diego, CA 92139",San Diego,-117.042789,32.686704,Apt 15
357,454 Prince of Wales,Stone Mountain,GA,30083,"454 Prince of Wales, Stone Mountain, GA 30083",Dekalb,-84.201213,33.784645,Unknown
358,318 E Wyandotte St,Stockton,CA,95204,"318 E Wyandotte St, Stockton, CA 95204",San Joaquin,-121.292077,37.97216,Unknown
359,26 Yorkshire Rd,Sicklerville,NJ,8081,"26 Yorkshire Rd, Sicklerville, NJ 08081",Camden,-75.00878,39.757938,Unknown
360,5757 Gladstone Way,Capitol Heights,MD,20743,"5757 Gladstone Way, Capitol Heights, MD 20743",Prince Georges,-76.905251,38.875863,Unknown
361,1708 N Roxboro St,Durham,NC,27701,"1708 N Roxboro St, Durham, NC 27701",Durham,-78.890835,36.011261,Unknown
362,732 Grant Ave,Casper,WY,82601,"732 Grant Ave, Casper, WY 82601",Natrona,-106.318691,42.843268,Unknown
363,PO Box 325,East Mc Keesport,PA,15035,"PO Box 325, East Mc Keesport, PA 15035",Allegheny,-79.807939,40.384373,Unknown
364,240 S Shackleford Rd,Little Rock,AR,72211,"240 S Shackleford Rd, Ste A, Little Rock, AR 72211",Pulaski,-92.394378,34.752103,Ste A
365,1606 W Texas Ave,Baytown,TX,77520,"1606 W Texas Ave, Baytown, TX 77520",Harris,-94.98504199999999,29.738002,Unknown
366,7 Hawser Pl,Coram,NY,11727,"7 Hawser Pl, Coram, NY 11727",Suffolk County,-73.023862,40.881048,Unknown
367,1827 Garfield Pl,Los Angeles,CA,90028,"1827 Garfield Pl, Apt 101, Los Angeles, CA 90028",Los Angeles,-118.310875,34.104254,Apt 101
368,13806 61st Ave W,Edmonds,WA,98026,"13806 61st Ave W, Edmonds, WA 98026",Snohomish County,-122.315733,47.873271,Unknown
369,4017 Scarlet Dr,Matthews,NC,28104,"4017 Scarlet Dr, Matthews, NC 28104",Union,-80.661306,35.112305,Unknown
370,29 Riverview Dr,Oak Ridge,TN,37830,"29 Riverview Dr, Oak Ridge, TN 37830",Anderson,-84.204012,36.046138,Unknown
371,4651 E Alpine Dr,Post Falls,ID,83854,"4651 E Alpine Dr, Post Falls, ID 83854",Kootenai,-116.885854,47.702561,Unknown
372,20 Skyward,Irvine,CA,92620,"20 Skyward, Irvine, CA 92620",Orange,-117.750656,33.688795,Unknown
373,1206 Mule Deer Dr,Arlington,TX,76002,"1206 Mule Deer Dr, Arlington, TX 76002",Tarrant,-97.087909,32.613502,Unknown
374,909 Jimson Weed Dr,Socorro,TX,79927,"909 Jimson Weed Dr, Socorro, TX 79927",El Paso County,-106.268646,31.674587,Unknown
375,908 19th St,Eunice,NM,88231,"908 19th St, Eunice, NM 88231",Lea,-103.16637,32.437088,Unknown
376,24109 Willowbrooke Ct,Valencia,CA,91354,"24109 Willowbrooke Ct, Valencia, CA 91354",Los Angeles,-118.55715000000001,34.441899,Unknown
377,735 Halifax Ln,Brick,NJ,8724,"735 Halifax Ln, Brick, NJ 08724",Ocean,-74.110029,40.121775,Unknown
378,16 Sage Field Ln,Latham,NY,12110,"16 Sage Field Ln, Latham, NY 12110",Albany County,-73.781839,42.731402,Unknown
379,165 Lexington Ave,New York,NY,10016,"165 Lexington Ave, Unit 5C, New York, NY 10016",New York County,-73.98114,40.743969,Unit 5C
380,11 Ranch Valley Rd,Little Rock,AR,72207,"11 Ranch Valley Rd, Little Rock, AR 72207",Pulaski,-92.345042,34.763366,Unknown
381,263 Deephaven Dr,Cincinnati,OH,45238,"263 Deephaven Dr, Cincinnati, OH 45238",Hamilton,-84.594661,39.087865,Unknown
382,908 Oak St,Johnson City,TN,37601,"908 Oak St, Johnson City, TN 37601",Washington,-82.356807,36.328709,Unknown
383,9543 W Reno View Dr,Peoria,AZ,85345,"9543 W Reno View Dr, Peoria, AZ 85345",Maricopa,-112.265082,33.562539,Unknown
384,3080 Congress Park Dr,Lake Worth,FL,33461,"3080 Congress Park Dr, Apt 817, Lake Worth, FL 33461",Palm Beach,-80.093752,26.607554,Apt 817
385,412 Stafford St,Edna,TX,77957,"412 Stafford St, Edna, TX 77957",Jackson,-96.645766,28.984898,Unknown
386,105 N Calhoun St,Mount Vernon,GA,30445,"105 N Calhoun St, Mount Vernon, GA 30445",Montgomery County,-82.592156,32.179168,Unknown
387,820 Webb St,Sumter,SC,29150,"820 Webb St, Sumter, SC 29150",Sumter,-80.333552,33.900939,Unknown
388,3004 Greyhawk Ct,Spring Hill,TN,37174,"3004 Greyhawk Ct, Spring Hill, TN 37174",Williamson,-86.884984,35.747801,Unknown
389,1601 Green St,San Francisco,CA,94123,"1601 Green St, Apt 1, San Francisco, CA 94123",San Francisco,-122.42566,37.797261,Apt 1
390,521 N Anaheim Blvd,Anaheim,CA,92805,"521 N Anaheim Blvd, Anaheim, CA 92805",Orange,-117.915877,33.840555,Unknown
391,4223 N Huson St,Tacoma,WA,98407,"4223 N Huson St, Tacoma, WA 98407",Pierce,-122.503426,47.287964,Unknown
392,3244 Inverness Ct,Orlando,FL,32806,"3244 Inverness Ct, Orlando, FL 32806",Orange,-81.360651,28.503654,Unknown
393,3585 W 106th Ter,Hialeah,FL,33018,"3585 W 106th Ter, Hialeah, FL 33018",Miami-Dade,-80.356949,25.920079,Unknown
394,5773 Walsh Rd,Hector,NY,14841,"5773 Walsh Rd, Hector, NY 14841",Schuyler,-76.885703,42.512698,Unknown
395,12509 Park Knoll Dr,Cleveland,OH,44125,"12509 Park Knoll Dr, Cleveland, OH 44125",Cuyahoga,-81.596057,41.425659,Unknown
396,2925 Billy Williams St,Mobile,AL,36612,"2925 Billy Williams St, Mobile, AL 36612",Mobile,-88.107657,30.747188,Unknown
397,1806 Janice Ave,Orlando,FL,32803,"1806 Janice Ave, Orlando, FL 32803",Orange,-81.34795,28.568432,Unknown
398,118 Stonehedge Dr,Warner Robins,GA,31088,"118 Stonehedge Dr, Warner Robins, GA 31088",Houston,-83.633177,32.596502,Unknown
399,42138 Purplebush Ave Apt 35-d,Lancaster,CA,93536,"42138 Purplebush Ave Apt 35-d, Lancaster, CA 93536",Los Angeles,-118.245795,34.646807,Unknown
400,2277 Banning Rd,Cincinnati,OH,45239,"2277 Banning Rd, Apt 222, Cincinnati, OH 45239",Hamilton,-84.56601,39.204259,Apt 222
401,2072 Nc Hwy,Creedmoor,NC,27522,"2072 Nc Hwy, 96, Creedmoor, NC 27522",Granville,-78.574496,36.115309,96
402,16 Spring St,Haverstraw,NY,10927,"16 Spring St, Haverstraw, NY 10927",Rockland County,-73.973618,41.20122,Unknown
403,Cty Rd,Westcliffe,CO,81252,"Cty Rd, # 160, Westcliffe, CO 81252",Custer County,-105.5068893,38.1314612,# 160
404,606 Center Ave,Janesville,WI,53545,"606 Center Ave, Unit Upper, Janesville, WI 53545",Rock County,-89.032108,42.672841,Unit Upper
405,666 Sanmortiz Dr,Bayfield,CO,81122,"666 Sanmortiz Dr, Bayfield, CO 81122",La Plata County,-107.593969,37.322846,Unknown
406,7117 Hop St,Azle,TX,76020,"7117 Hop St, Azle, TX 76020",Tarrant,-97.518869,32.990469,Unknown
407,313 Canterberry Ln,Oak Brook,IL,60523,"313 Canterberry Ln, Oak Brook, IL 60523",Dupage,-87.924774,41.828331,Unknown
408,6601 Sw 18th St,Pembroke Pines,FL,33023,"6601 Sw 18th St, Apt 105, Pembroke Pines, FL 33023",Broward,-80.219781,25.994707,Apt 105
409,1293 Biscayne Grove Ln,Jacksonville,FL,32218,"1293 Biscayne Grove Ln, Jacksonville, FL 32218",Duval,-81.666763,30.454183,Unknown
410,4975 Bonita Beach Rd,Bonita Springs,FL,34134,"4975 Bonita Beach Rd, Unit 607, Bonita Springs, FL 34134",Collier,-81.83518,26.330133,Unit 607
411,4210 220th St SW,Mountlake Terrace,WA,98043,"4210 220th St SW, Mountlake Terrace, WA 98043",Snohomish,-122.290527,47.799243,Unknown
412,6360 Vistaridge Ln,Madeira,OH,45227,"6360 Vistaridge Ln, Madeira, OH 45227",Hamilton,-84.380949,39.165768,Unknown
413,2223 Ne Clipper Pl,Fort Lauderdale,FL,33312,"2223 Ne Clipper Pl, Unit 5206, Fort Lauderdale, FL 33312",Broward County,-80.170711,26.061742,Unit 5206
414,1224 Sunbeam Cv,Anna,TX,75409,"1224 Sunbeam Cv, Anna, TX 75409",Collin,-96.539446,33.325923,Unknown
415,2481 W Bravura Dr,Citrus Springs,FL,34433,"2481 W Bravura Dr, Citrus Springs, FL 34433",Citrus,-82.476707,29.020162,Unknown
416,1913 Apollo Ct,Walnut Creek,CA,94598,"1913 Apollo Ct, Walnut Creek, CA 94598",Contra Costa,-122.040815,37.922315,Unknown
417,784 Willow Creek Dr,Fairlawn,OH,44333,"784 Willow Creek Dr, Fairlawn, OH 44333",Summit,-81.58913,41.136145,Unknown
418,285 Evergreen Rd,Fitzgerald,GA,31750,"285 Evergreen Rd, Fitzgerald, GA 31750",Ben Hill County,-83.227986,31.703392,Unknown
419,15115 Mesa Dr,Humble,TX,77396,"15115 Mesa Dr, Apt 256, Humble, TX 77396",Harris,-95.269311,29.941086,Apt 256
420,1128 Somerset Cir S,Dunedin,FL,34698,"1128 Somerset Cir S, Dunedin, FL 34698",Pinellas,-82.771082,28.001863,Unknown
421,17 Bonair Ave,Waterbury,CT,6710,"17 Bonair Ave, Waterbury, CT 06710",New Haven,-73.042347,41.581284,Unknown
422,1400 W Peachtree St NW,Atlanta,GA,30309,"1400 W Peachtree St NW, Unit 1815, Atlanta, GA 30309",Fulton,-84.388205,33.792889,Unit 1815
423,5800 Nw 64th Ave,Tamarac,FL,33319,"5800 Nw 64th Ave, Apt 104, Tamarac, FL 33319",Broward,-80.235323,26.19645,Apt 104
424,3203 Dawnwood Dr,Spring,TX,77380,"3203 Dawnwood Dr, Spring, TX 77380",Montgomery,-95.489282,30.147441,Unknown
425,5733 Cypress Ln,North Little Rock,AR,72117,"5733 Cypress Ln, North Little Rock, AR 72117",Pulaski,-92.186399,34.806214,Unknown
426,5934 Haverford Ave,Philadelphia,PA,19151,"5934 Haverford Ave, Philadelphia, PA 19151",Philadelphia,-75.238775,39.969585,Unknown
427,112 Fleet Pl,New York City,NY,11201,"112 Fleet Pl, Unit 4B, New York City, NY 11201",Kings County,-73.981893,40.692225,Unit 4B
428,695 Owen Rd,York,PA,17403,"695 Owen Rd, York, PA 17403",York,-76.682428,39.946798,Unknown
429,812 85th St,Miami Beach,FL,33141,"812 85th St, Miami Beach, FL 33141",Miami-Dade County,-80.128151,25.869572,Unknown
430,PO Box 546,Lakeland,MI,48143,"PO Box 546, Lakeland, MI 48143",Livingston,-83.849647,42.45833,Unknown
431,12913 Alton Sq,Herndon,VA,20170,"12913 Alton Sq, Apt 102, Herndon, VA 20170",Fairfax,-77.393634,38.956164,Apt 102
432,11232 Wheeling Dr,Tampa,FL,33625,"11232 Wheeling Dr, Tampa, FL 33625",Hillsborough,-82.547206,28.05193,Unknown
433,2004 W Government St,Pensacola,FL,32502,"2004 W Government St, Pensacola, FL 32502",Escambia,-87.24007,30.408105,Unknown
434,8196 N Cedar Springs Rd,Eagle Mountain,UT,84005,"8196 N Cedar Springs Rd, Apt 1, Eagle Mountain, UT 84005",Utah,-111.979144,40.364963,Apt 1
435,98 S Flickering Sun Cir,The Woodlands,TX,77382,"98 S Flickering Sun Cir, The Woodlands, TX 77382",Montgomery,-95.568948,30.210398,Unknown
436,720 Wood St,Bristol,PA,19007,"720 Wood St, Bristol, PA 19007",Bucks,-74.850593,40.099416,Unknown
437,3008 Breeden Ave,San Antonio,TX,78212,"3008 Breeden Ave, Apt 3, San Antonio, TX 78212",Bexar,-98.500843,29.475446,Apt 3
438,30115 Redwood Peak Ln,Brookshire,TX,77423,"30115 Redwood Peak Ln, Brookshire, TX 77423",Waller,-95.896501,29.765197,Unknown
439,112 Foxford Ln,Mullica Hill,NJ,8062,"112 Foxford Ln, Mullica Hill, NJ 08062",Gloucester County,-75.228951,39.688051,Unknown
440,1 W End Ct,Long Branch,NJ,7740,"1 W End Ct, Apt 5, Long Branch, NJ 07740",Monmouth,-73.98509,40.283741,Apt 5
441,155 N Nassau Ave,Massapequa,NY,11758,"155 N Nassau Ave, Massapequa, NY 11758",Nassau,-73.46023,40.695735,Unknown
442,2925 61st Ave NE,Federal Way,WA,98422,"2925 61st Ave NE, Federal Way, WA 98422",Pierce,-122.365662,47.283742,Unknown
443,355 E Mountain Vista Pl,Oro Valley,AZ,85704,"355 E Mountain Vista Pl, Oro Valley, AZ 85704",Pima County,-110.967222,32.357027,Unknown
444,521 University Blvd,Daytona Beach,FL,32118,"521 University Blvd, Apt 2, Daytona Beach, FL 32118",Volusia,-81.01696,29.242131,Apt 2
445,39831 High St,Cherry Valley,CA,92223,"39831 High St, Cherry Valley, CA 92223",Riverside,-116.967354,33.970062,Unknown
446,114 N Martin Luther King Jr Ave,Clearwater,FL,33755,"114 N Martin Luther King Jr Ave, Clearwater, FL 33755",Pinellas,-82.791983,27.967697,Unknown
447,L88 Amberwood Ln,Janesville,WI,53545,"L88 Amberwood Ln, Lot 88, Janesville, WI 53545",Rock County,-89.07484264,42.747979838,Lot 88
448,185 Sexton Rd,West Babylon,NY,11704,"185 Sexton Rd, West Babylon, NY 11704",Suffolk,-73.348179,40.7253,Unknown
449,2815 Yarling Ct,Falls Church,VA,22042,"2815 Yarling Ct, Falls Church, VA 22042",Fairfax,-77.214806,38.873258,Unknown
450,2695 S Kihei Rd,Kihei,HI,96753,"2695 S Kihei Rd, Apt 10401, Kihei, HI 96753",Maui,-156.445287,20.71249,Apt 10401
451,3 North Cir,Matawan,NJ,7747,"3 North Cir, Matawan, NJ 07747",Monmouth,-74.215877,40.415791,Unknown
452,1901 S Cedar St,Little Rock,AR,72204,"1901 S Cedar St, Little Rock, AR 72204",Pulaski,-92.317906,34.734012,Unknown
453,Highland Rd,Baton Rouge,LA,70802,"Highland Rd, Lot 55, Baton Rouge, LA 70802",East Baton Rouge,-91.1806285,30.427648791,Lot 55
454,4925 White Bud Ct,Windermere,FL,34786,"4925 White Bud Ct, Windermere, FL 34786",Orange,-81.601621,28.493084,Unknown
455,PO Box 8952,Savannah,GA,31412,"PO Box 8952, Savannah, GA 31412",Chatham,-81.0927,32.078,Unknown
456,1317 W Brazil St,Compton,CA,90220,"1317 W Brazil St, Compton, CA 90220",Los Angeles,-118.244885,33.898686,Unknown
457,4968 Dunkirk St,Denver,CO,80249,"4968 Dunkirk St, Denver, CO 80249",Denver,-104.761512,39.786519,Unknown
458,8600 W Charleston Blvd,Las Vegas,NV,89117,"8600 W Charleston Blvd, Apt 2071, Las Vegas, NV 89117",Clark,-115.281834,36.159706,Apt 2071
459,757 Peninsula Dr,Davidson,NC,28036,"757 Peninsula Dr, Davidson, NC 28036",Mecklenburg,-80.864955,35.49941,Unknown
460,77 Fulton St,New York City,NY,10038,"77 Fulton St, Apt 11K, New York City, NY 10038",New York,-74.005013,40.708925,Apt 11K
461,10 Kirkwood St NE,Rome,GA,30161,"10 Kirkwood St NE, Rome, GA 30161",Floyd,-85.157188,34.28492,Unknown
462,318 W 122nd St,Los Angeles,CA,90061,"318 W 122nd St, Los Angeles, CA 90061",Los Angeles,-118.279054,33.921316,Unknown
463,1101 Ellis Ave,Orangeburg,SC,29115,"1101 Ellis Ave, Orangeburg, SC 29115",Orangeburg,-80.857908,33.50557,Unknown
464,630 8th St,Wilmette,IL,60091,"630 8th St, Wilmette, IL 60091",Cook,-87.698882,42.076156,Unknown
465,606 N 25th St,Reading,PA,19606,"606 N 25th St, Reading, PA 19606",Berks,-75.882508,40.335912,Unknown
466,10665 Quinn St,Shirley,IL,61772,"10665 Quinn St, Shirley, IL 61772",McLean,-89.063634,40.407058,Unknown
467,2419 Ontario Rd NW,Washington,DC,20009,"2419 Ontario Rd NW, Apt 301, Washington, DC 20009",Fairfax City County,-77.039979,38.922047,Apt 301
468,106 Spyglass Dr,Lufkin,TX,75901,"106 Spyglass Dr, Lufkin, TX 75901",Angelina,-94.727175,31.279393,Unknown
469,10110 Westview Dr,Houston,TX,77043,"10110 Westview Dr, Apt 2403, Houston, TX 77043",Harris,-95.547954,29.791613,Apt 2403
470,1005 Tanbark Rd,Lexington,KY,40515,"1005 Tanbark Rd, Apt 226, Lexington, KY 40515",Fayette,-84.492782,37.961837,Apt 226
471,15740 Beau Ridge Dr,Woodbridge,VA,22193,"15740 Beau Ridge Dr, Woodbridge, VA 22193",Prince William,-77.317129,38.61116,Unknown
472,1773 Wells Branch Pkwy,Austin,TX,78728,"1773 Wells Branch Pkwy, Apt 504, Austin, TX 78728",Travis,-97.673286,30.435465,Apt 504
473,221 Hollyfern St,Henderson,NV,89074,"221 Hollyfern St, Henderson, NV 89074",Clark,-115.102126,36.044491,Unknown
474,435 Virginia Ave,Indianapolis,IN,46203,"435 Virginia Ave, Unit 502, Indianapolis, IN 46203",Marion,-86.149009,39.76056,Unit 502
475,10030 Lower Azusa Rd,El Monte,CA,91731,"10030 Lower Azusa Rd, El Monte, CA 91731",Los Angeles,-118.047641,34.090571,Unknown
476,1518 Dorado Dr,Kissimmee,FL,34741,"1518 Dorado Dr, # B, Kissimmee, FL 34741",Osceola,-81.420718,28.318131,# B
477,6504 Blue Rock Ct,Elk Grove,CA,95758,"6504 Blue Rock Ct, Elk Grove, CA 95758",Sacramento,-121.427743,38.435114,Unknown
478,44 Lake Forest Dr,Greenville,SC,29609,"44 Lake Forest Dr, Greenville, SC 29609",Greenville,-82.376606,34.877182,Unknown
479,3135 Anzio Dr,Dallas,TX,75224,"3135 Anzio Dr, Dallas, TX 75224",Dallas,-96.841611,32.710833,Unknown
480,3725 And 3727 Se Jackson St,Milwaukie,OR,97222,"3725 And 3727 Se Jackson St, Milwaukie, OR 97222",Clackamas,-122.623783,45.445912,Unknown
481,22022 N Calle Royale,Scottsdale,AZ,85255,"22022 N Calle Royale, Scottsdale, AZ 85255",Maricopa,-111.898862,33.687339,Unknown
482,4711 Kings Mill Way,Owings Mills,MD,21117,"4711 Kings Mill Way, Owings Mills, MD 21117",Baltimore,-76.806014,39.396163,Unknown
483,630 S Voyager Dr,Gilbert,AZ,85296,"630 S Voyager Dr, Gilbert, AZ 85296",Maricopa,-111.750647,33.338432,Unknown
484,8810 Bestride Bnd,Austin,TX,78744,"8810 Bestride Bnd, Unit A, Austin, TX 78744",Travis,-97.721588,30.144148,Unit A
485,723 W San Angelo St,Gilbert,AZ,85233,"723 W San Angelo St, Gilbert, AZ 85233",Maricopa,-111.805512,33.36894,Unknown
486,17 Tougas Ave,Manchester,NH,3109,"17 Tougas Ave, Manchester, NH 03109",Hillsborough,-71.420129,42.964756,Unknown
487,1107 Verde Dr,Bryan,TX,77801,"1107 Verde Dr, Apt 35, Bryan, TX 77801",Brazos,-96.37578,30.635262,Apt 35
488,6360 Nw 13th Ter,Bell,FL,32619,"6360 Nw 13th Ter, Bell, FL 32619",Gilchrist County,-82.830175,29.830608,Unknown
489,8343 E Thomas Rd,Scottsdale,AZ,85251,"8343 E Thomas Rd, Scottsdale, AZ 85251",Maricopa,-111.901219,33.479936,Unknown
490,6800 Placida Rd,Englewood,FL,34224,"6800 Placida Rd, Unit 182, Englewood, FL 34224",Charlotte,-82.304936,26.87853,Unit 182
491,7 Sunset Rd,Raymond,ME,4071,"7 Sunset Rd, Raymond, ME 04071",Cumberland,-70.519592,43.847721,Unknown
492,3714 N Wittfield St,Indianapolis,IN,46235,"3714 N Wittfield St, Indianapolis, IN 46235",Marion,-86.005807,39.824391,Unknown
493,1517 Brandy Ct,Bakersfield,CA,93307,"1517 Brandy Ct, Bakersfield, CA 93307",Kern,-119.020006,35.307737,Unknown
494,21314 N Monroe Rd,Spokane,WA,99208,"21314 N Monroe Rd, Spokane, WA 99208",Spokane County,-117.480658,47.851213,Unknown
495,76321 Louis Quave Rd,Covington,LA,70435,"76321 Louis Quave Rd, Covington, LA 70435",Saint Tammany,-89.982569,30.543338,Unknown
496,1661 E Cardinal Dr,Casa Grande,AZ,85122,"1661 E Cardinal Dr, Casa Grande, AZ 85122",Pinal,-111.715536,32.909334,Unknown
497,409 Town Woods Trce,Summerville,SC,29483,"409 Town Woods Trce, Summerville, SC 29483",Dorchester,-80.249411,33.049538,Unknown
498,2414 Lake Park Rd,Lexington,KY,40502,"2414 Lake Park Rd, Apt 3204, Lexington, KY 40502",Fayette,-84.461882,38.009069,Apt 3204
499,3311 Barnes Ln,Manvel,TX,77578,"3311 Barnes Ln, Manvel, TX 77578",Brazoria,-95.39405,29.538537,Unknown
